doula , 67.3056838875 , 242
beads , 61.9016046688 , 104
dads , 60.9073909242 , 270
epa , 59.9629997351 , 47
cdc , 58.3880810956 , 82
breastfeeding , 50.5940556968 , 353
parenting , 46.3956423191 , 793
moms , 44.7176699849 , 262
midwifery , 43.028238471 , 98
blogging , 41.6112986087 , 1435
cosmetics , 40.1499879929 , 1537
kmart , 38.2515810175 , 96
crafts , 38.2021003888 , 820
fitbit , 37.644684996 , 82
sewing , 37.5570936311 , 125
management , 36.1897273761 , 1474
walmart , 36.1249242718 , 69
hasbro , 36.1241978346 , 28
wine , 35.5121896447 , 772
weddings , 35.0605669018 , 349
pinterest , 34.8503640813 , 337
ebay , 34.8380597399 , 229
diapering , 34.8150553873 , 30
venezuela , 34.7471493581 , 1220
coupons , 34.6561555255 , 132
caracas , 34.4537760993 , 613
desserts , 34.2487536234 , 234
adoption , 34.2278893581 , 164
toys , 34.1853403858 , 122
leadership , 34.100889594 , 1222
lenovo , 33.4665572399 , 61
pregnancy , 32.8780476465 , 36
books , 32.8758996 , 3912
perfume , 32.3676128634 , 117
quilting , 32.0071353314 , 77
ereaders , 32.005104756 , 84
bedding , 31.6065378363 , 138
fitness , 31.4932316815 , 1161
oakville , 30.7577981282 , 39
copywriting , 30.0813207055 , 73
recipes , 29.8430818816 , 74
shopping , 29.7243825216 , 291
theatre , 29.6241210543 , 26
podcasts , 29.1966027215 , 79
marshalls , 29.1012725881 , 34
antiques , 28.2698351935 , 81
staples , 27.787128183 , 40
autism , 27.6510343605 , 206
burlington , 27.350852507 , 56
salad , 27.2994470686 , 49
thrillers , 26.9451062809 , 135
disabilities , 26.7265635309 , 57
dodge , 26.480048762 , 45
weather , 26.2610790281 , 479
vancouver , 25.8515950112 , 208
veganism , 25.516123712 , 49
whatsapp , 25.3565716723 , 495
honeymoons , 25.275525219 , 34
snoopy , 25.1880698872 , 35
burgos , 24.8509745723 , 46
manufacturing , 24.4111801892 , 82
fedex , 24.3658852823 , 24
dieting , 24.2626681732 , 162
journalism , 23.884683264 , 2686
napa , 23.8046381766 , 51
drobo , 23.514174588 , 42
nbc , 23.5089582335 , 291
immigration , 23.3368124351 , 193
aaliyah , 23.334856204 , 186
chevron , 23.2334428042 , 33
minneapolis , 22.9513831417 , 30
indiana , 22.0770243541 , 154
fishing , 21.7574199305 , 121
