designing , 62.435053923 , 408
beads , 60.015330959 , 386
cdc , 55.1747472734 , 249
management , 52.6743793706 , 20913
fontshop , 51.5105298152 , 1105
leadership , 48.3705227355 , 15321
drobo , 46.3391772245 , 2017
autodesk , 42.5545105638 , 998
innovation , 40.645479159 , 4163
podcasts , 40.4023780844 , 1202
drupal , 40.0417207224 , 709
copywriting , 39.000430881 , 909
joomla , 38.7551231174 , 393
antiques , 38.3838224574 , 1091
cgi , 38.3619323257 , 994
manufacturing , 36.9549502177 , 1307
photojournalism , 36.4230293105 , 934
typography , 36.2460116624 , 1569
perth , 35.3271488379 , 956
thrillers , 35.0314672825 , 1397
mysql , 34.2875962907 , 419
weddings , 34.1420190055 , 1663
finance , 34.0082477033 , 9185
negotiation , 33.8125648124 , 169
expressionengine , 33.4345029726 , 186
mongodb , 33.2325737735 , 187
w3c , 32.2416715961 , 587
hadoop , 31.8776629259 , 309
grindcore , 31.8508573127 , 313
code , 31.7940680595 , 65
hubspot , 31.7705984206 , 303
freelancing , 31.6140337585 , 122
saas , 31.5463636183 , 1085
books , 31.1606757041 , 18650
vmware , 31.0093617601 , 611
agronomy , 30.6445504888 , 171
wine , 30.2854383996 , 2739
serani , 30.2815650831 , 259
scala , 30.1941277224 , 230
d90 , 29.9008783683 , 280
journalism , 29.5974697545 , 17729
theatre , 29.5798447326 , 133
bangalore , 29.4111136953 , 559
crowdsourcing , 28.4315747383 , 79
embroidery , 28.2599108967 , 104
napa , 28.0328329237 , 393
christchurch , 27.4355792612 , 242
karlsruhe , 27.3393134474 , 380
philanthropy , 27.0688897066 , 1207
zillow , 26.7088576761 , 348
barcamp , 26.3303432218 , 208
bristol , 26.1822682348 , 550
asp.net , 26.1638313237 , 154
quilting , 26.1577652803 , 219
mindfulness , 25.799013523 , 71
vancouver , 25.788469115 , 1064
illustration , 25.7138012297 , 150
mozilla , 25.6547912595 , 459
luge , 25.539168879 , 105
seo , 25.5282896696 , 147
gatineau , 25.3060859561 , 229
pinterest , 25.1380410434 , 774
lyft , 24.9324431035 , 111
tilburg , 24.7379204758 , 75
portland , 24.6084397898 , 774
kosovo , 23.9821411279 , 110
lancashire , 23.9033281308 , 194
surfing , 23.8199434982 , 537
wordpress , 23.740983608 , 61
hatebreed , 23.615939105 , 116
copenhagen , 23.5059613544 , 288
housing , 23.2629275009 , 166
bangladesh , 23.1937336881 , 136
neuropsychology , 23.0443482541 , 72
oakville , 22.7910612453 , 84
accounting , 22.7846077159 , 357
tenerife , 22.7403808918 , 110
riesling , 22.735099849 , 56
austria , 22.463403438 , 315
composting , 22.3819248215 , 59
dorset , 22.2916975597 , 147
ebay , 22.2618850198 , 385
erlang , 22.2365531464 , 51
fitbit , 21.9768744118 , 76
alphabeat , 21.9289297498 , 103
smithsonian , 21.9237976058 , 88
creativity , 21.9185254141 , 161
kvass , 21.8747521862 , 51
queensland , 21.817998477 , 117
sewing , 21.6527308406 , 126
honeymoons , 21.3790483192 , 117
nagpur , 21.368533036 , 95
romania , 21.317547332 , 173
scotland , 21.0731965417 , 595
toulouse , 20.8884073525 , 165
rennes , 20.8803085103 , 48
servers , 20.8801622378 , 372
bergen , 20.8488335789 , 103
psychotherapy , 20.846984189 , 93
galway , 20.6992393688 , 100
javanese , 20.5733560343 , 188
burlington , 20.4993661588 , 146
bicycling , 20.3225200793 , 372
css , 20.1830408437 , 62
bologna , 20.1476831461 , 101
immigration , 19.9591609078 , 763
legalzoom , 19.8911439656 , 162
grammar , 19.6632179 , 359
networking , 19.4862979838 , 597
lenovo , 19.4417883609 , 70
veganism , 19.403404095 , 138
unix , 19.3701996124 , 175
flanders , 19.3600144616 , 58
sony , 19.3411330693 , 996
djs , 19.338110856 , 3405
skechers , 19.2744942656 , 89
gps , 19.1296069419 , 186
climbing , 19.0892632317 , 314
morocco , 19.0377831418 , 196
harrogate , 19.0223193671 , 78
ios , 18.9981142258 , 730
inception , 18.9626373537 , 78
belgium , 18.9283204869 , 537
adoption , 18.8850937977 , 202
frankfurt , 18.876224831 , 101
aarp , 18.8100238026 , 63
crowdfunding , 18.748531159 , 134
verticalresponse , 18.5884901178 , 58
bmw , 18.4120556681 , 512
somerset , 18.3875846452 , 80
consulting , 18.1958741431 , 103
ferrari , 18.1315004246 , 534
dubai , 18.0633047027 , 1329
jacksonville , 17.9840577687 , 138
java , 17.8739357659 , 133
blogging , 17.5500941897 , 1445
bali , 17.5459901517 , 263
taiwan , 17.4458992356 , 130
jakarta , 17.2963650828 , 351
sustainability , 17.1163702521 , 223
peterborough , 17.0052688223 , 65
nasa , 16.8506574837 , 513
desserts , 16.8354538958 , 261
crosswords , 16.7457325533 , 95
norml , 16.6715320513 , 84
alzheimer's , 16.6082766916 , 77
disabilities , 16.4479813525 , 107
beirut , 16.3904541669 , 372
athens , 16.3743596014 , 222
india , 16.3625550568 , 2118
waterloo , 16.3207745924 , 151
netapp , 16.1964560127 , 50
cisco , 16.0533781933 , 168
