salesforce , 55.2098140595 , 59
saas , 50.3145283243 , 159
leadership , 47.8012954476 , 433
management , 46.3937688567 , 416
autism , 43.1827533985 , 110
sales , 42.3513381574 , 27
crm , 41.4211323821 , 16
b2b , 40.404882682 , 29
podcasts , 40.3433706465 , 35
vmware , 38.7833835892 , 37
alphabeat , 37.7613641051 , 16
africa , 37.4905954101 , 165
lancashire , 37.4688652128 , 22
scotland , 36.9344633701 , 64
finance , 36.5713122429 , 311
manufacturing , 36.2754916201 , 36
harrogate , 35.5774820477 , 13
hubspot , 34.6515859541 , 12
hadoop , 34.5746719854 , 12
antiques , 33.9770661335 , 21
bristol , 33.9160420734 , 32
greenwich , 33.8054281846 , 9
dorset , 31.5525499217 , 11
marketing , 31.2577365035 , 54
charities , 31.1167411796 , 105
hypnosis , 31.0872169976 , 16
ebay , 30.28335706 , 23
adoption , 29.5691811712 , 16
forbes , 29.2703446287 , 14
consulting , 29.0647896272 , 9
weddings , 29.0635149236 , 32
itunes , 28.9081478858 , 172
vevo , 28.6166796358 , 217
forex , 27.918736384 , 13
ferrari , 27.420217003 , 33
books , 27.307768492 , 461
innovation , 27.2878316337 , 44
depression , 27.065640984 , 31
ibiza , 26.8988364795 , 23
westminster , 26.8461286289 , 10
accounting , 26.7753790578 , 15
bmw , 26.1046427947 , 28
wine , 25.9573518668 , 59
